codigo=1; nome=Keyboard & Mouse; preço=597,8
codigo=1; nome=Keyboard & Mouse; preço=597,8
codigo=1; nome=Keyboard & Mouse; preço=597,8
code=1; name=Keyboard & Mouse; cost=597,8
code=1; name=Keyboard & Mouse; cost=597,8
code=1; name=Keyboard & Mouse; cost=597,8
code=1; name=Keyboard & Mouse; cost=597,8
code=2; name=Things; cost=598,8
code=1; name=Keyboard & Mouse; cost=597,8
code=2; name=Things; cost=598,8
code=1; name=Keyboard & Mouse; cost=597,8
code=2; name=Things; cost=598,8
code=1; name=Keyboard & Mouse; cost=597,8
code=2; name=Things; cost=598,8
code=1; name=Keyboard & Mouse; cost=597,8
code=2; name=Things; cost=598,8
code=1; name=Keyboard & Mouse; cost=597,8
code=2; name=Things; cost=598,8
code=1; name=Keyboard & Mouse; cost=597,8
code=2; name=Things; cost=598,8
code=1; name=Keyboard & Mouse; cost=597,8
code=2; name=Things; cost=598,8
code=1; name=Keyboard & Mouse; cost=597,8
code=2; name=Things; cost=598,8
code=1; name=Keyboard & Mouse; cost=597,8
code=2; name=Things; cost=598,8
